{"cameraMode":{"drawMode":0,"name":"Shaded","section":"Shading Mode"},"sceneLighting":false,"audioPlay":false,"sceneViewState":{"m_AlwaysRefresh":false,"showFog":true,"showSkybox":false,"showFlares":true,"showImageEffects":true,"showParticleSystems":true,"showVisualEffectGraphs":true,"m_FxEnabled":true},"in2DMode":false,"pivot":{"x":15.633173942565918,"y":1.3429588079452515,"z":9.535374641418457},"rotation":{"x":0.14303593337535859,"y":-0.7071816921234131,"z":0.14962193369865418,"w":0.6760541200637817},"size":2.9999051094055177,"orthographic":false}