{"cameraMode":{"drawMode":0,"name":"Shaded","section":"Shading Mode"},"sceneLighting":false,"audioPlay":false,"sceneViewState":{"m_AlwaysRefresh":false,"showFog":true,"showSkybox":false,"showFlares":true,"showImageEffects":true,"showParticleSystems":true,"showVisualEffectGraphs":true,"m_FxEnabled":true},"in2DMode":false,"pivot":{"x":11.714333534240723,"y":1.6849080324172974,"z":0.2969038486480713},"rotation":{"x":0.26763832569122317,"y":-0.22654810547828675,"z":0.06489995867013931,"w":0.9342579245567322},"size":5.750325679779053,"orthographic":false}