{"cameraMode":{"drawMode":0,"name":"Shaded","section":"Shading Mode"},"sceneLighting":false,"audioPlay":false,"sceneViewState":{"m_AlwaysRefresh":false,"showFog":true,"showSkybox":false,"showFlares":true,"showImageEffects":true,"showParticleSystems":true,"showVisualEffectGraphs":true,"m_FxEnabled":true},"in2DMode":false,"pivot":{"x":-0.0539546012878418,"y":0.05863308906555176,"z":1.0400009155273438},"rotation":{"x":0.1082441434264183,"y":-0.8110963702201843,"z":0.15893572568893434,"w":0.5524018406867981},"size":125.23171997070313,"orthographic":false}